Title,URI
https://www.norristownchryslerdodge.com/
https://www.norristownchryslerdodge.com/search/new-chrysler-dodge-jeep-ram-norristown-pa/?cy=19403&tp=new/
https://www.norristownchryslerdodge.com/search/new-chrysler-dodge-jeep-ram-norristown-pa/?cy=19403&tp=new/
https://www.norristownchryslerdodge.com/search/new-special-chrysler-dodge-jeep-ram-norristown-pa/?cy=19403&tp=new&tp=special/
https://www.norristownchryslerdodge.com/monthly-specials/
https://www.norristownchryslerdodge.com/your-top-jeep-dealer/
https://www.norristownchryslerdodge.com/drive-forward-program/
https://www.norristownchryslerdodge.com/our-online-delivery-service/
https://www.norristownchryslerdodge.com/sign-and-drive-lease/
https://www.norristownchryslerdodge.com/value-trade-in/
https://www.norristownchryslerdodge.com/finance-application/
https://www.norristownchryslerdodge.com/schedule-new-vehicle-test-drive/
https://www.norristownchryslerdodge.com/find-my-car/
https://www.norristownchryslerdodge.com/what-i-need-to-buy-a-car/
https://www.norristownchryslerdodge.com/incentives/
https://www.norristownchryslerdodge.com/vehicle-brochures/
https://www.norristownchryslerdodge.com/reads-testimonials/
https://www.norristownchryslerdodge.com/onthejoballowances/
https://www.norristownchryslerdodge.com/commercial/
https://www.norristownchryslerdodge.com/business-link/
https://www.norristownchryslerdodge.com/2019-tax-incentives/
https://www.norristownchryslerdodge.com/search/used-norristown-pa/?cy=19403&tp=used/
https://www.norristownchryslerdodge.com/search/used-norristown-pa/?cy=19403&tp=used/
https://www.norristownchryslerdodge.com/search/special-used-norristown-pa/?cy=19403&tp=special&tp=used/
https://www.norristownchryslerdodge.com/search/certified-used-norristown-pa/?cy=19403&tp=certified&tp=used/
https://www.norristownchryslerdodge.com/search/one-owner-used-norristown-pa/?cy=19403&tp=one_owner&tp=used/
https://www.norristownchryslerdodge.com/search/used-dodge-norristown-pa/?cy=19403&mk=17&tp=used/
https://www.norristownchryslerdodge.com/search/used-jeep-norristown-pa/?cy=19403&mk=29&tp=used/
https://www.norristownchryslerdodge.com/search/used-ram-norristown-pa/?cy=19403&mk=51&tp=used/
https://www.norristownchryslerdodge.com/search/used-chrysler-norristown-pa/?cy=19403&mk=13&tp=used/
https://www.norristownchryslerdodge.com/search/used-norristown-pa/?cy=19403&pr=0:5000&pr=5001:10000&tp=used/
https://www.norristownchryslerdodge.com/pre-owned-destination/
https://www.norristownchryslerdodge.com/why-buy-pre-owned/
https://www.norristownchryslerdodge.com/why-buy-certified-pre-owned-jeeps/
https://www.norristownchryslerdodge.com/search/special-norristown-pa/?cy=19403&tp=special/
https://www.norristownchryslerdodge.com/search/new-special-chrysler-dodge-jeep-ram-norristown-pa/?cy=19403&tp=new&tp=special/
https://www.norristownchryslerdodge.com/search/special-used-norristown-pa/?cy=19403&tp=special&tp=used/
https://www.norristownchryslerdodge.com/chrysler-specials/
https://www.norristownchryslerdodge.com/jeep-specials/
https://www.norristownchryslerdodge.com/first-responders-program/
https://www.norristownchryslerdodge.com/military-discount/
https://www.norristownchryslerdodge.com/service-specials/
https://www.norristownchryslerdodge.com/finance-department/
https://www.norristownchryslerdodge.com/payment-calculator/
https://www.norristownchryslerdodge.com/contact-us/
https://www.norristownchryslerdodge.com/bad-credit-no-credit-options/
https://www.norristownchryslerdodge.com/lease-faqs/
https://www.norristownchryslerdodge.com/jeep-lease-options/
https://www.norristownchryslerdodge.com/jeep-cherokee-lease-offers/
https://www.norristownchryslerdodge.com/jeep-compass-lease-offers/
https://www.norristownchryslerdodge.com/jeep-grand-cherokee-lease-offers/
https://www.norristownchryslerdodge.com/jeep-wrangler-lease-offers/
https://www.norristownchryslerdodge.com/service-department/
https://www.norristownchryslerdodge.com/service-moar/
https://www.norristownchryslerdodge.com/service-appointment/
https://www.norristownchryslerdodge.com/jeep-service/
https://www.norristownchryslerdodge.com/vehicle-recall-request/
https://www.norristownchryslerdodge.com/service-parts-financing/
https://www.norristownchryslerdodge.com/cdjr-service-videos/
https://www.norristownchryslerdodge.com/parts-department/
https://www.norristownchryslerdodge.com/order-parts/
https://www.norristownchryslerdodge.com/synthetic-oil/
https://www.norristownchryslerdodge.com/tire-tread/
https://www.norristownchryslerdodge.com/about-us/
https://www.norristownchryslerdodge.com/directions/
https://www.norristownchryslerdodge.com/hours/
https://www.norristownchryslerdodge.com/meet-our-staff/
https://www.norristownchryslerdodge.com/no-fast-talking-at-norristown/
https://www.norristownchryslerdodge.com/privacy-policy/
https://www.norristownchryslerdodge.com/review-us/
https://www.norristownchryslerdodge.com/why-buy-with-norristown/
https://www.norristownchryslerdodge.com/why-buy-chrysler/
https://www.norristownchryslerdodge.com/why-buy-dodge/
https://www.norristownchryslerdodge.com/2020-dodge-charger/
https://www.norristownchryslerdodge.com/2020-dodge-srt-lineup/
https://www.norristownchryslerdodge.com/why-buy-jeep/
https://www.norristownchryslerdodge.com/2020-jeep-cherokee/
https://www.norristownchryslerdodge.com/2020-jeep-compass/
https://www.norristownchryslerdodge.com/2020-jeep-gladiator/
https://www.norristownchryslerdodge.com/2020-jeep-wrangler/
https://www.norristownchryslerdodge.com/pennsylvania-jeep-trails/
https://www.norristownchryslerdodge.com/2020-jeep-grand-cherokee/
https://www.norristownchryslerdodge.com/why-buy-ram/
https://www.norristownchryslerdodge.com/2020-ram-1500/
https://www.norristownchryslerdodge.com/green-truck-of-the-year/
https://www.norristownchryslerdodge.com/covid-19/
https://www.norristownchryslerdodge.com/2019-tax-incentives/
https://www.norristownchryslerdodge.com/sign-and-drive-lease-specials/
https://www.norristownchryslerdodge.com/sign-and-drive-lease-specials/